Source,Source port,Destination,Destination port,Protocol,Length,Info
10.42.0.49,5353.0,10.42.0.13,5353.0,MDNS,174,"Standard query response 0x0000 TXT MSS210-9f39._hap._tcp.local, ""QU"" question TXT MSS210-9f39._hap._tcp.local, ""QU"" question TXT A 10.42.0.49 AAAA fe80::4ae1:e9ff:fe6e:9f39640, cache flush Meross_Smart_Plug.local, ""QU"" question TX"
10.42.0.49,52432.0,10.42.0.13,62467.0,TCP,54,"52432 > 62467 [ACK] Seq=1 Ack=163 Win=5678 Len=0221TCP Keep-Alive ACK]55472 Ack=15206 Win=5840 Len=0960=TCP PDU reassembled in 50550],52432 Meross_Smart_Plug.local TXT, cache flush Ack=22"
10.42.0.49,5353.0,224.0.0.251,5353.0,MDNS,305,"Standard query response 0x0000 PTR MSS210-9f39._hap._tcp.local SRV, cache flush 0 0 52432 Meross_Smart_Plug.local TXT, cache flush A, cache flush 10.42.0.49 AAAA, cache flush fe80::4ae1:e9ff:fe6e:9f39 NSEC, cache flush MSS210-9f39._hap._tcp.local NS"
10.42.0.49,52432.0,10.42.0.13,59479.0,TCP,54,"52432 > 59479 [ACK] Seq=1 Ack=163 Win=5678 Len=0221TCP Keep-Alive ACK],ACK]172661 Ack=49682.0 Protocol: TCP Length: 54 Info: 52432 > 59482 [ACK] Seq=1781 Ack=496 Win=5345 Len=0221"
10.42.0.13,50519.0,10.42.0.49,52432.0,TCP,54,"50519 > 52432 [ACK] Seq=496 Ack=1781 Win=65535 Len=0162TCP Retransmission] 62473 > 52432 [FIN, ACK] Seq=496 Ack=1781 Win=65535 Len=07174172665471041472.0 Protocol:"
10.42.0.49,52432.0,10.42.0.13,62593.0,TCP,54,"52432 > 62593 [ACK] Seq=1 Ack=163 Win=5678 Len=01108 [TCP Retransmission],Alive ACK]49685 > 62593 [ACK] Seq=1726 Ack=496 Win=5345 Len=01196=11960=124069119011061"
10.42.0.13,50559.0,10.42.0.49,52432.0,TCP,54,50559 > 52432 [ACK] Seq=496 Ack=1781 Win=65535 Len=0 163 497 Ack=1782 Win=65535 Len=0 17266 > 52432 [ACK] Seq=497 Ack=1782 Win=65535 Len=017268
10.42.0.13,50490.0,10.42.0.49,52432.0,TCP,54,"50490 > 52432 [ACK] Seq=496 Ack=1344 Win=65535 Len=0163ACK],Alive] 496 Info:481 Info: 52432 > 52432 [ACK] Seq=1781 Ack=496 Win=1346 Len=02101312=134620 29"
10.42.0.49,52432.0,10.42.0.13,62755.0,TCP,54,"52432 > 62755 [ACK] Seq=1 Ack=163 Win=5678 Len=0221TCP Keep-Alive ACK]1196568912 TSecr=0 SACK_PERM1726727596 TSecr=0 SACK_PERM,549119872 TSecr=0 SACK_PERM11085"
10.42.0.49,52432.0,10.42.0.13,50556.0,TCP,54,"52432 > 50556 [ACK] Seq=1781 Ack=497 Win=5344 Len=0172TCP Retransmission]172699 Len=01.164,1726912905 TSecr=0 SACK_PERM17269 Len=0172691251096911"
10.42.0.49,52432.0,10.42.0.13,50545.0,TCP,54,"52432 > 50545 [ACK] Seq=1781 Ack=497 Win=5344 Len=01781TCP Retransmission], cache flush 0.north-america.pool.ntp.org491 Info: Continuation947=1782567392 TSecr=0 SACK_PERM110591=17"
10.42.0.13,50575.0,10.42.0.49,52432.0,TCP,54,50575 > 52432 [ACK] Seq=163 Ack=221 Win=65535 Len=0241TCP Keep-Alive] 495 Ack=1781 Win=65535 Len=01269 WS=64 TSval=1433409296 TSecr=0 SACK_PERM 1560928
10.42.0.49,52432.0,10.42.0.13,62591.0,HTTP,135,"HTTP/1.1 200 OK (application/pairing+tlv8)) (application/pairing+tlv8), ovr) is at 50512.0 Protocol: TCP Length: 54 Info: 52432 > 50512 [ACK] Seq=1 Ack=163 Win=5678 Len=0163, ovr) is at 491 Info: Continuation,"
10.42.0.49,5353.0,10.42.0.13,5353.0,MDNS,174,"Standard query response 0x0000 TXT MSS210-9f39._hap._tcp.local, ""QU"" question TXT MSS210-9f39._hap._tcp.local, ""QU"" question TXT A 10.42.0.49 AAAA fe80::4ae1:e9ff:fe6e:9f39640, cache flush Meross_Smart_Plug.local, ""QU"" question TX"
10.42.0.49,5353.0,10.42.0.13,5353.0,MDNS,174,"Standard query response 0x0000 TXT MSS210-9f39._hap._tcp.local, ""QU"" question TXT MSS210-9f39._hap._tcp.local, ""QU"" question TXT A 10.42.0.49 AAAA fe80::4ae1:e9ff:fe6e:9f39640, cache flush Meross_Smart_Plug.local, ""QU"" question TX"
10.42.0.49,5353.0,10.42.0.13,5353.0,MDNS,174,"Standard query response 0x0000 TXT MSS210-9f39._hap._tcp.local, ""QU"" question TXT MSS210-9f39._hap._tcp.local, ""QU"" question TXT A 10.42.0.49 AAAA fe80::4ae1:e9ff:fe6e:9f39640, cache flush Meross_Smart_Plug.local, ""QU"" question TX"
10.42.0.13,50537.0,10.42.0.49,52432.0,TCP,54,"50537 > 52432 [ACK] Seq=496 Ack=1344 Win=65535 Len=01 Ack=163 Win=65535 Len=0264TCP Keep-Alive], 10.42.0.496 Ack=1781 Win=65535 Len=0 1460 WS=64 TSval=3261"
10.42.0.13,50509.0,10.42.0.49,52432.0,TCP,54,"50509 > 52432 [ACK] Seq=496 Ack=1781 Win=65535 Len=0162TCP Retransmission], cache flush 104.161.164.11042.0.491 Info: Continuation1.amazonaws.com49119.14401931191917 TSecr=0 SACK_"
10.42.0.49,52432.0,10.42.0.13,50556.0,TCP,54,52432 > 50556 [ACK] Seq=1 Ack=163 Win=5678 Len=0163TCP Retransmission]1632191902 TSecr=125438 Ack=77153 Win=65535 Len=094762479=87.62.168.245=101.110.99
10.42.0.13,50396.0,10.42.0.49,52432.0,TCP,54,"50396 > 52432 [ACK] Seq=496 Ack=1344 Win=65535 Len=0163TCP Retransmission], cache flush 10.42.0.49=178171272.0 Protocol: TCP Length: 54 Info: 50396 > 52432 [FIN, ACK] Seq=496 Ack=1781 Win"
10.42.0.49,52432.0,10.42.0.13,62473.0,TCP,54,"52432 > 62473 [ACK] Seq=1781 Ack=497 Win=5344 Len=0162601412 [TCP Retransmission]],172665479 TSecr=0 SACK_PERM,5126971717416899119"
10.42.0.49,5353.0,10.42.0.13,5353.0,MDNS,174,"Standard query response 0x0000 TXT MSS210-9f39._hap._tcp.local, ""QU"" question TXT MSS210-9f39._hap._tcp.local, ""QU"" question TXT A 10.42.0.49 AAAA fe80::4ae1:e9ff:fe6e:9f39640 response  MSS210-9f39._hap._tcp"
10.42.0.13,51469.0,10.42.0.28,80.0,TCP,54,"51469 > 80 [ACK] Seq=483 Ack=103 Win=65535 Len=01 [TCP Keep-Alive ACK],60468 Ack=62738 Win=2299 Len=00TCP PDU reassembled in 47961],5153], cache flush 10.42.0.28 Destination Port: 80.0 Protocol: TCP Length"
10.42.0.13,50583.0,10.42.0.49,52432.0,TCP,54,"50583 > 52432 [ACK] Seq=496 Ack=1781 Win=65535 Len=0216 [TCP Retransmission]], Retransmission], cache flush 1346088032 TSecr=0 SACK_PERM1196119117 TSecr=0 SACK_PERM, cache flush 1"
10.42.0.13,59682.0,10.42.0.49,52432.0,TCP,54,"59682 > 52432 [ACK] Seq=496 Ack=1344 Win=65535 Len=0216 [TCP Keep-Alive],5490954 TSecr=0 SACK_PERM490 Info: Continuation496 Ack=1781 Win=65535 Len=02, flush 62.102.130.2"
10.42.0.13,50594.0,10.42.0.49,52432.0,TCP,54,"50594 > 52432 [ACK] Seq=496 Ack=1781 Win=65535 Len=0216 [TCP Retransmission]], Retransmission], cache flush 134.243.103.189119.214.210.237214.39.232.251=497387387.1"
10.42.0.49,5353.0,10.42.0.13,5353.0,MDNS,174,"Standard query response 0x0000 TXT MSS210-9f39._hap._tcp.local, ""QU"" question TXT MSS210-9f39._hap._tcp.local, ""QU"" question TXT A 10.42.0.49 AAAA fe80::4ae1:e9ff:fe6e:9f39640, cache flush Meross_Smart_Plug.local, ""QU"" question TX"
10.42.0.49,52432.0,10.42.0.13,62595.0,TCP,54,52432 > 62595 [ACK] Seq=1 Ack=163 Win=5678 Len=0111TCP Keep-Alive ACK]05477 Ack=17268 Win=5648 Len=099 119876 Ack=87757 Win=5702 Len=0 104.168.136.48
10.42.0.13,50719.0,10.42.0.49,52432.0,TCP,54,"50719 > 52432 [ACK] Seq=496 Ack=1344 Win=65535 Len=0216 [TCP Retransmission]],Alive]1726112613 TSecr=496=1781 Len=042496548075=1346117245 TSecr=0 SACK"
10.42.0.49,5353.0,10.42.0.13,5353.0,MDNS,174,"Standard query response 0x0000 TXT MSS210-9f39._hap._tcp.local, ""QU"" question TXT MSS210-9f39._hap._tcp.local, ""QU"" question TXT A 10.42.0.49 AAAA fe80::4ae1:e9ff:fe6e:9f39640, cache flush Meross_Smart_Plug.local, ""QU"" question TX"
10.42.0.13,51469.0,10.42.0.28,80.0,TCP,54,51469 > 80 [ACK] Seq=1 Ack=1 Win=65535 Len=0 [TCP Keep-Alive ACK]62762 > 80 [ACK] Seq=515 Ack=1 Win=65535 Len=01]62763 > 80 [ACK] Seq=483 Ack=1 Win=65535 Len=01]62363 > 80 [
10.42.0.13,51478.0,10.42.0.28,80.0,TCP,54,"51478 > 80 [ACK] Seq=515 Ack=104 Win=65535 Len=01.TCP Keep-Alive ACK]627 Ack=167 Win=2920 Len=0162TCP PDU reassembled in 47838],153678825 TSecr=0 SACK_PERM, ACK],623 Ack"
10.42.0.49,5353.0,224.0.0.251,5353.0,MDNS,305,"Standard query response 0x0000 PTR MSS210-9f39._hap._tcp.local SRV, cache flush 0 0 52432 Meross_Smart_Plug.local TXT, cache flush A, cache flush 10.42.0.49 AAAA, cache flush fe80::4ae1:e9ff:fe6e:9f39 NSEC, cache flush MSS210-9f39._hap._tcp.local NS"
10.42.0.13,50528.0,10.42.0.49,52432.0,TCP,54,50528 > 52432 [ACK] Seq=496 Ack=1781 Win=65535 Len=0 163ad5 1096568027 TSecr=0 SACK_PERM 10.42.0.49 Ack=178156 Win=65535 Len=01c85=1450]
10.42.0.49,52432.0,10.42.0.13,50524.0,TCP,54,"52432 > 50524 [ACK] Seq=1781 Ack=497 Win=5344 Len=01781TCP Retransmission], cache flush 1726812927 TSecr=0 SACK_PERM747127546949119.144.96.193181=123."
10.42.0.49,52432.0,10.42.0.13,50566.0,TCP,54,52432 > 50566 [ACK] Seq=1781 Ack=497 Win=5344 Len=0221TCP Retransmission]1726812512 TSecr=0 SACK_PERM2214194240742692694766 Len=01414b6417264
10.42.0.13,59677.0,10.42.0.49,52432.0,TCP,54,"59677 > 52432 [ACK] Seq=496 Ack=1781 Win=65535 Len=0 172 [TCP Retransmission]], Retransmission], cache flush 104.168.245.125], cache flush 123.94.201.164 Destination Port: 123.0 Protocol: NTP Length: 90 Info: NTP"
10.42.0.13,50428.0,10.42.0.49,52432.0,TCP,54,"50428 > 52432 [ACK] Seq=496 Ack=1344 Win=65535 Len=0163TCP Keep-Alive],627 Ack=1781 Win=65535 Len=0172660,64437 Len=0, cache flush 1460=64 TSval=2131296104"
10.42.0.13,51471.0,10.42.0.28,80.0,TCP,54,"51471 > 80 [ACK] Seq=515 Ack=1289 Win=65535 Len=01=1289 [TCP PDU reassembled in 47768] 51535 > 80 [PSH, ACK] Seq=1 Ack=1 Win=65535 Len=00TCP PDU reassembled in 47966]62748 Len=012"
10.42.0.49,52432.0,10.42.0.13,50571.0,TCP,54,"52432 > 50571 [ACK] Seq=1 Ack=163 Win=5678 Len=0163TCP Keep-Alive ACK]05472 Ack=30228 Win=5387 Len=0, ACK],Alive ACK],5153.0 Protocol: HTTP Length: 491 Info: Continuation110520"
10.42.0.49,52432.0,10.42.0.13,50529.0,TCP,54,"52432 > 50529 [ACK] Seq=1781 Ack=497 Win=5344 Len=0220 [TCP PDU reassembled in 49113], 116052.0 Protocol: TCP Length: 54 Info: 52432 > 50529 [ACK] Seq=1781 Ack=497 Win=5344 Len=0,"
10.42.0.49,5353.0,10.42.0.13,5353.0,MDNS,174,"Standard query response 0x0000 TXT MSS210-9f39._hap._tcp.local, ""QU"" question TXT MSS210-9f39._hap._tcp.local, ""QU"" question TXT A 10.42.0.49 AAAA fe80::4ae1:e9ff:fe6e:9f39640, cache flush Meross_Smart_Plug.local, ""QU"" question TX"
10.42.0.13,50533.0,10.42.0.49,52432.0,TCP,54,"50533 > 52432 [ACK] Seq=496 Ack=1781 Win=65535 Len=0 163ad22192], cache flush 10.42.0.49 Destination Port: 52432.0 Protocol: TCP Length: 54 Info: 50533 > 52432 [ACK] Seq=496 Ack=1781 Win="
10.42.0.49,52432.0,10.42.0.13,50537.0,TCP,54,"52432 > 50537 [ACK] Seq=1781 Ack=497 Win=5344 Len=0221TCP Retransmission]172696 Len=011605641146284 > 52432 [PSH, ACK] Seq=221447245=245441 Len=0461346"
10.42.0.13,50509.0,10.42.0.49,52432.0,TCP,54,"50509 > 52432 [ACK] Seq=496 Ack=1781 Win=65535 Len=0162TCP Retransmission], cache flush 1047691994 TSecr=0 SACK_PERM172651471060596245109651.11091=1346 WS=2754"
10.42.0.49,5353.0,10.42.0.13,5353.0,MDNS,174,"Standard query response 0x0000 TXT MSS210-9f39._hap._tcp.local, ""QU"" question TXT MSS210-9f39._hap._tcp.local, ""QU"" question TXT A 10.42.0.49 AAAA fe80::4ae1:e9ff:fe6e:9f39640, cache flush Meross_Smart_Plug.local, ""QU"" question TX"
10.42.0.49,52432.0,10.42.0.13,50550.0,TCP,54,"52432 > 50550 [ACK] Seq=1 Ack=163 Win=5678 Len=0163TCP Keep-Alive ACK],5496 Ack=17255 Win=65535 Len=0978108640702b.elb.eu-west=5840 Len=00 1.amazonaws.com 10.42.0"
10.42.0.49,52432.0,10.42.0.13,50540.0,TCP,54,"52432 > 50540 [ACK] Seq=1 Ack=163 Win=5678 Len=0163TCP Keep-Alive ACK],510611106234.0 Protocol: HTTP Length: 1096 Info: Continuation62038 Ack=104201 Win=5840 Len=10425110299080"
10.42.0.13,50410.0,10.42.0.49,52432.0,TCP,54,"50410 > 52432 [ACK] Seq=496 Ack=1781 Win=65535 Len=0 172 [TCP Retransmission]], Retransmission], cache flush 1649651972 TSecr=0 SACK_PERM1100204766 TSecr=0 SACK_PERM"
10.42.0.49,52432.0,10.42.0.13,50562.0,TCP,54,"52432 > 50562 [ACK] Seq=1 Ack=163 Win=5678 Len=0163TCP Keep-Alive ACK]05472 Ack=30220.0 Protocol: HTTP Length: 1096 Info: Continuation62836 Ack=104082 Win=5840 Len=104201460623,"
10.42.0.13,50491.0,10.42.0.49,52432.0,TCP,54,"50491 > 52432 [ACK] Seq=496 Ack=1344 Win=65535 Len=0163ACK],Alive],627 Ack=1781 Win=65535 Len=0211=1346 [TCP PDU reassembled in 60458],62367 > 52432 [ACK] Seq=1781"
10.42.0.13,50543.0,10.42.0.49,52432.0,TCP,54,"50543 > 52432 [ACK] Seq=496 Ack=1781 Win=65535 Len=0 163ad22194]65535 Len=01 Ack=1781 Win=65535 Len=0 156236 Len=0116052,b.elb.eu-west=1.amazonaws."
10.42.0.49,52432.0,10.42.0.13,62595.0,HTTP,1096,"Continuation, Continuation.elb.eu-west-5633 Len=104210472b1896 Len=1042, cache flush 10.42.0.28 Destination Port: 80.0 Protocol: TCP Length: 54 Info: 52432 > 80 [ACK] Seq=483 Ack=199 Win=65535 Len=0 [TCP PDU"
10.42.0.49,52432.0,10.42.0.13,50498.0,TCP,54,"52432 > 50498 [ACK] Seq=1781 Ack=497 Win=5344 Len=0165=1346 Win=5840 Len=0, flush 10.42.0.49 Ack=1781 Win=65535 Len=02106=1346=2997 Len=0,"
10.42.0.49,5353.0,10.42.0.13,5353.0,MDNS,174,"Standard query response 0x0000 TXT MSS210-9f39._hap._tcp.local, ""QU"" question TXT MSS210-9f39._hap._tcp.local, ""QU"" question TXT A 10.42.0.49 AAAA fe80::4ae1:e9ff:fe6e:9f3962 MSS210-9f39._hap._tcp.local, """
10.42.0.49,52432.0,10.42.0.13,50553.0,HTTP,1096,"Continuationb31440146 TSecr=0 SACK_PERM1096534695 HTTP/1.1 200 OK (application/pairing+tlv8)) (application/pairing+tlv8)) (application/pairing+tlv8)))))))))))) Meross_Smart_Plug.local, ""QU"
10.42.0.49,5353.0,10.42.0.13,5353.0,MDNS,174,"Standard query response 0x0000 TXT MSS210-9f39._hap._tcp.local, ""QU"" question TXT MSS210-9f39._hap._tcp.local, ""QU"" question TXT A 10.42.0.49 AAAA fe80::4ae1:e9ff:fe6e:9f39640, cache flush Meross_Smart_Plug.local, ""QU"" question TX"
10.42.0.49,52432.0,10.42.0.13,62025.0,TCP,54,"52432 > 62025 [ACK] Seq=1 Ack=163 Win=5678 Len=0221TCP Keep-Alive ACK],ACK]1 Ack=163 Win=5678 Len=0119,Alive ACK],Alive ACK],57552299 Len=01181=TCP PDU reas"
10.42.0.13,59479.0,10.42.0.49,52432.0,TCP,54,"59479 > 52432 [ACK] Seq=496 Ack=1344 Win=65535 Len=0216 [TCP Keep-Alive],5431 > 59479 [ACK] Seq=1781 Ack=496 Win=5345 Len=0212TCP Keep-Alive],51472267 TSecr=0 SACK_PERM"
10.42.0.13,50719.0,10.42.0.49,52432.0,TCP,54,"50719 > 52432 [ACK] Seq=496 Ack=1781 Win=65535 Len=0 163], cache flush 49.13.14.46 Destination Port: 123.0 Protocol: NTP Length: 90 Info: NTP Version 4, client110-0.1460.64 TSval=2375407139 TSec"
10.42.0.49,52432.0,10.42.0.13,50543.0,HTTP,135,"HTTP/1.1 200 OK (application/pairing+tlv8), cache flush 10.42.0.13 Destination Port: 50540.0 Protocol: TCP Length: 54 Info: 50543 > 50540 [ACK] Seq=1 Ack=163 Win=5678 Len=0162, cache flush 10.42.0.49 Port: 80.0"
10.42.0.13,50553.0,10.42.0.49,52432.0,TCP,54,"50553 > 52432 [ACK] Seq=496 Ack=1781 Win=65535 Len=0 163ad22190], cache flush 10.42.0.49 Destination Port: 52432.0 Protocol: TCP Length: 54 Info: 50553 > 52432 [ACK] Seq=496 Ack=1781 Win="
10.42.0.13,50533.0,10.42.0.49,52432.0,TCP,54,"50533 > 52432 [ACK] Seq=1 Ack=1 Win=65535 Len=0163TCP Keep-Alive] 50533 > 52432 [ACK] Seq=495 Ack=1781 Win=65535 Len=06=1346=49127],65546 Len=01, flush"
10.42.0.49,5353.0,10.42.0.13,5353.0,MDNS,174,"Standard query response 0x0000 TXT MSS210-9f39._hap._tcp.local, ""QU"" question TXT MSS210-9f39._hap._tcp.local, ""QU"" question TXT A 10.42.0.49 AAAA fe80::4ae1:e9ff:fe6e:9f39640, cache flush Meross_Smart_Plug.local, ""QU"" question TX"
10.42.0.49,52432.0,10.42.0.13,62595.0,TCP,54,"52432 > 62595 [ACK] Seq=1781 Ack=497 Win=5344 Len=0221TCP Retransmission], cache flush 10.42.0.14094.61014.0 Protocol: TCP Length: 54 Info: 52432 > 62595 [FIN, ACK] Seq=1781 Ack=497 Win=53"
10.42.0.13,50404.0,10.42.0.49,52432.0,TCP,54,50404 > 52432 [ACK] Seq=496 Ack=1781 Win=65535 Len=01160 WS=64 TSval=1726218064 TSecr=0 SACK_PERM 60479 > 52432 [ACK] Seq=1 Ack=1 Win=65535 Len=016216496975
10.42.0.13,50593.0,10.42.0.49,52432.0,TCP,54,"50593 > 52432 [ACK] Seq=496 Ack=1781 Win=65535 Len=0216 [TCP Retransmission]], Retransmission], cache flush 1649651974 TSecr=0 SACK_PERM1047655439=110040 Len=01"
10.42.0.13,50961.0,10.42.0.49,80.0,TCP,54,50961 > 80 [ACK] Seq=1 Ack=1 Win=65535 Len=0 [TCP Retransmission]134369 > 85.81.71.200 Destination Port: 443.0 Protocol: TLSv1.2 Length: 123 Info: Application Data]].14451651
10.42.0.13,50711.0,10.42.0.49,52432.0,TCP,54,50711 > 52432 [ACK] Seq=496 Ack=1781 Win=65535 Len=01621196197266 TSecr=0 SACK_PERM1108107231 TSecr=0 SACK_PERM1.amazonaws.com 34.243.103.189 Destination Port: 443.0
10.42.0.49,52432.0,10.42.0.13,50757.0,TCP,54,"52432 > 50757 [ACK] Seq=1781 Ack=497 Win=5344 Len=01611346=497 Ack=1782 Win=65535 Len=0, flush 10.42.0.49 Ack=1781 Win=5633 Len=0 1042=1346=491"
10.42.0.49,5353.0,10.42.0.13,5353.0,MDNS,174,"Standard query response 0x0000 TXT MSS210-9f39._hap._tcp.local, ""QU"" question TXT MSS210-9f39._hap._tcp.local, ""QU"" question TXT A 10.42.0.49 AAAA fe80::4ae1:e9ff:fe6e:9f39640, cache flush Meross_Smart_Plug.local, ""QU"" question TX"
10.42.0.13,59475.0,10.42.0.49,52432.0,TCP,54,"59475 > 52432 [ACK] Seq=496 Ack=1781 Win=65535 Len=016342822 > 52432 [PSH, ACK] Seq=414 Ack=302 Win=65535 Len=022164, cache flush 202.193.200.123 Ack=202"
10.42.0.13,50755.0,10.42.0.49,52432.0,TCP,54,50755 > 52432 [ACK] Seq=496 Ack=1781 Win=65535 Len=0 TCP Retransmission]1635427.125.168.245=1251=163b2489 Len=011966471530991966=1106=12
10.42.0.49,52432.0,10.42.0.13,50562.0,TCP,54,52432 > 50562 [ACK] Seq=1 Ack=163 Win=5678 Len=0163TCP Keep-Alive ACK]05472 Ack=30220.0 Protocol: HTTP Length: 1096 Info: Continuation62836 Ack=105411 Win=5840 Len=049 Ack=1781 Win=56
10.42.0.49,52432.0,10.42.0.13,50550.0,HTTP,1096,"Continuation172681.0 Protocol: TCP Length: 54 Info: 50550 > 52432 [ACK] Seq=1 Ack=163 Win=5678 Len=041 [TCP Retransmission], cache flush 10.42.0.49 Ack=178107.90597.125911249691920 TSecr="
10.42.0.49,5353.0,10.42.0.13,5353.0,MDNS,174,"Standard query response 0x0000 TXT MSS210-9f39._hap._tcp.local, ""QU"" question TXT MSS210-9f39._hap._tcp.local, ""QU"" question TXT A 10.42.0.49 AAAA fe80::4ae1:e9ff:fe6e:9f39640, cache flush Meross_Smart_Plug.local, ""QU"" question TX"
10.42.0.13,50575.0,10.42.0.49,52432.0,TCP,54,"50575 > 52432 [ACK] Seq=496 Ack=1781 Win=65535 Len=0 163,Alive],64395 Len=0163060024730 TSecr=0 SACK_PERM.amazonaws.com A 10.42.0.49 AAAA fe80::4ae1:e"
10.42.0.49,52432.0,10.42.0.13,50590.0,TCP,54,"52432 > 50590 [ACK] Seq=1781 Ack=497 Win=5344 Len=0172TCP PDU reassembled in 61160], cache flush 172696 Ack=107042 Win=5840 Len=0 1.amazonaws.com 34.241.185.170 A 54.39"
10.42.0.49,52432.0,10.42.0.13,50575.0,TCP,54,"52432 > 50575 [ACK] Seq=1 Ack=163 Win=5678 Len=0163TCP Keep-Alive ACK]054781451 TSecr=0 SACK_PERM17260 Len=0, ACK],Alive ACK],Alive ACK],Alive ACK]151075 Ack=27"
10.42.0.49,52432.0,10.42.0.13,62404.0,TCP,54,"52432 > 62404 [ACK] Seq=1781 Ack=497 Win=5344 Len=0 [TCP Retransmission]]1726047391 TSecr=0 SACK_PERM, cache flush 10.42.0.491726254790b.1040691721 TSecr=0 SACK_PERM"
10.42.0.49,52432.0,10.42.0.13,62760.0,TCP,54,"52432 > 62760 [ACK] Seq=1781 Ack=497 Win=5344 Len=01627172677172617 Len=0, cache flush 1926391990 TSecr=0 SACK_PERM1196194802 TSecr=0 SACK_PERM1108104"
10.42.0.49,5353.0,224.0.0.251,5353.0,MDNS,305,"Standard query response 0x0000 PTR MSS210-9f39._hap._tcp.local SRV, cache flush 0 0 52432 Meross_Smart_Plug.local TXT, cache flush A, cache flush 10.42.0.49 AAAA, cache flush fe80::4ae1:e9ff:fe6e:9f39 NSEC, cache flush MSS210-9f39._hap._tcp.local NS"
10.42.0.49,52432.0,10.42.0.13,50508.0,HTTP,135,"HTTP/1.1 200 OK (application/pairing+tlv8))62393 > 52432 [PSH, ACK] Seq=1 Ack=163 Win=5678 Len=81TCP PDU reassembled in 49167], Continuation], cache flush 1096200291 TSecr=0 SACK_PERM162392027"
10.42.0.49,52432.0,10.42.0.13,61963.0,TCP,54,"52432 > 61963 [ACK] Seq=1 Ack=163 Win=5678 Len=0221TCP Keep-Alive ACK]05472 Ack=147026 Win=5702 Len=0193208 Len=0,TCP Keep-Alive ACK],912519b6666 TSecr=0 S"
10.42.0.13,50580.0,10.42.0.49,52432.0,TCP,54,"50580 > 52432 [ACK] Seq=496 Ack=1781 Win=65535 Len=0216 [TCP Retransmission]], Retransmission], cache flush 134.215.155.17749119.147.96.193491 Info: Continuation41472.0 Protocol: T"
10.42.0.13,50555.0,10.42.0.49,52432.0,TCP,54,"50555 > 52432 [ACK] Seq=496 Ack=1781 Win=65535 Len=0 1726 [TCP Retransmission]], cache flush 104.161.164.110 Destination Port: 123.0 Protocol: NTP Length: 90 Info: NTP Version 4, client104.167.215.195]71"
10.42.0.49,52432.0,10.42.0.13,50522.0,TCP,54,52432 > 50522 [ACK] Seq=1 Ack=163 Win=5678 Len=0163TCP Retransmission]1632947824730 TSecr=221467427 164.119.25.124119.251925.104181.123.146.224 Source Port:
10.42.0.49,5353.0,10.42.0.13,5353.0,MDNS,174,"Standard query response 0x0000 TXT MSS210-9f39._hap._tcp.local, ""QU"" question TXT MSS210-9f39._hap._tcp.local, ""QU"" question TXT A 10.42.0.49 AAAA fe80::4ae1:e9ff:fe6e:9f39640, cache flush Meross_Smart_Plug.local, ""QU"" question TX"
10.42.0.49,52432.0,10.42.0.13,62585.0,TCP,54,"52432 > 62585 [ACK] Seq=1 Ack=163 Win=5678 Len=0163TCP Keep-Alive ACK]55477 Ack=102089 Win=5602 Len=0, ACK],Alive ACK],Alive ACK],51096.1720814796 TSecr=0"
10.42.0.13,50760.0,10.42.0.49,52432.0,TCP,54,50760 > 52432 [ACK] Seq=496 Ack=1781 Win=65535 Len=0 1726117275 TSecr=0 SACK_PERM172632b.397 [TCP Keep-Alive] 65435 > 52432 [ACK] Seq=495 Ack=1781 Win=65535 Len=
10.42.0.13,51471.0,10.42.0.28,80.0,TCP,54,"51471 > 80 [ACK] Seq=1 Ack=1 Win=65535 Len=0,TCP Keep-Alive ACK]5627 Ack=167 Win=2299 Len=0166TCP PDU reassembled in 47823],62402 [TCP PDU reassembled in 47380],5153], Keep-Alive ACK]"
10.42.0.49,5353.0,10.42.0.13,5353.0,MDNS,174,"Standard query response 0x0000 TXT MSS210-9f39._hap._tcp.local, ""QU"" question TXT MSS210-9f39._hap._tcp.local, ""QU"" question TXT A 10.42.0.49 AAAA fe80::4ae1:e9ff:fe6e:9f3962 MSS210-9f39._hap._tcp.local SRV"
10.42.0.13,50755.0,10.42.0.49,52432.0,TCP,54,50755 > 52432 [ACK] Seq=496 Ack=1344 Win=65535 Len=01 Ack=163 Win=65535 Len=016260216.TCP Retransmission]1470254735 TSecr=0 SACK_PERM1251465426 TSecr=0 S
10.42.0.49,52432.0,10.42.0.13,59471.0,TCP,54,52432 > 59471 [ACK] Seq=1 Ack=163 Win=5678 Len=062163 Ack=221 Win=5633 Len=0 17268 > 59471 [ACK] Seq=1 Ack=163 Win=5678 Len=0211TCP Keep-Alive ACK]011947689
10.42.0.49,52432.0,10.42.0.13,59825.0,TCP,54,"52432 > 59825 [ACK] Seq=1 Ack=163 Win=5678 Len=0221TCP Keep-Alive ACK],ACK]172681 Ack=49.53.178107 [ACK]62.157.220.4 Ack=19262 Win=5387 Len=01931008997 T"
10.42.0.49,52432.0,10.42.0.13,50508.0,TCP,54,"52432 > 50508 [ACK] Seq=1 Ack=163 Win=5678 Len=0163TCP Keep-Alive ACK],51726173274 TSecr=0 SACK_PERM947265474 TSecr=0 SACK_PERM,5712154b79 TSecr=0 SACK_PERM,53"
10.42.0.49,52432.0,10.42.0.13,62405.0,TCP,54,"52432 > 62405 [ACK] Seq=1 Ack=163 Win=5678 Len=0221TCP Keep-Alive ACK]55472 Ack=153020 Win=5840 Len=0, ACK],Alive ACK],ACK],Alive ACK],ACK]496 Ack=1781 Win=65"
10.42.0.49,52432.0,10.42.0.13,50526.0,TCP,54,"52432 > 50526 [ACK] Seq=1781 Ack=497 Win=5344 Len=0214 [TCP PDU reassembled in 61125],172691 Len=02,], cache flush 10.42.0.49 Ack=1781 Win=65535 Len=0]], cache flush 0."
10.42.0.13,50751.0,10.42.0.49,52432.0,TCP,54,"50751 > 52432 [ACK] Seq=496 Ack=1781 Win=65535 Len=0 16346883.0 Protocol: TCP Length: 74 Info: 52432 > 52432 [ACK] Seq=1781 Ack=497 Win=1344 Len=0TCP Retransmission],1726 Win"
10.42.0.49,52432.0,10.42.0.13,61963.0,HTTP,135,"HTTP/1.1 200 OK (application/pairing+tlv8), cache flush 10.42.0.28, cache flush 55990.0 Protocol: TCP Length: 54 Info: 52432 > 55990 [ACK] Seq=1781 Ack=497 Win=5344 Len=0 [TCP Retransmission]]]1692568005 TSec"
10.42.0.13,50714.0,10.42.0.49,52432.0,TCP,54,"50714 > 52432 [ACK] Seq=496 Ack=1781 Win=65535 Len=0 163], cache flush 49.144.144.246 Destination Port: 123.0 Protocol: NTP Length: 90 Info: NTP Version 4, client0 NTP Version 4, client, cache flush 147.248.1"
10.42.0.13,50760.0,10.42.0.49,52432.0,TCP,54,"50760 > 52432 [ACK] Seq=496 Ack=1344 Win=65535 Len=0216 [TCP Retransmission]],Alive]1728127262 TSecr=172648740 TSecr=0 SACK_PERM49654807241412.0 Protocol: TCP Length: 54 Info:"
10.42.0.49,5353.0,10.42.0.13,5353.0,MDNS,174,"Standard query response 0x0000 TXT MSS210-9f39._hap._tcp.local, ""QU"" question TXT MSS210-9f39._hap._tcp.local, ""QU"" question TXT A 10.42.0.49 AAAA fe80::4ae1:e9ff:fe6e:9f39640, cache flush Meross_Smart_Plug.local, ""QU"" question TX"
10.42.0.49,5353.0,10.42.0.13,5353.0,MDNS,174,"Standard query response 0x0000 TXT MSS210-9f39._hap._tcp.local, ""QU"" question TXT MSS210-9f39._hap._tcp.local, ""QU"" question TXT A 10.42.0.49 AAAA fe80::4ae1:e9ff:fe6e:9f39640, cache flush Meross_Smart_Plug.local, ""QU"" question TX"
10.42.0.49,5353.0,10.42.0.13,5353.0,MDNS,174,"Standard query response 0x0000 TXT MSS210-9f39._hap._tcp.local, ""QU"" question TXT MSS210-9f39._hap._tcp.local, ""QU"" question TXT A 10.42.0.49 AAAA fe80::4ae1:e9ff:fe6e:9f39640, cache flush Meross_Smart_Plug.local, ""QU"" question TX"
10.42.0.13,51479.0,10.42.0.28,80.0,TCP,54,"51479 > 80 [ACK] Seq=483 Ack=103 Win=65535 Len=01 [TCP Keep-Alive ACK],60473 Ack=627 Win=2294 Len=0TCP PDU reassembled in 47968],62479 Len=0,TCP PDU reassembled in 47415],62479 Len=0"
10.42.0.49,52432.0,10.42.0.13,50882.0,TCP,54,"52432 > 50882 [ACK] Seq=1 Ack=163 Win=5678 Len=0 [TCP Retransmission], ACK]1632810290 TSecr=172898760 TSecr=0 SACK_PERM71208 > 72432 [PSH, ACK] Seq=1 Ack=164 Win=5677 Len=0"
10.42.0.49,52432.0,10.42.0.13,62035.0,TCP,54,"52432 > 62035 [ACK] Seq=1781 Ack=497 Win=5344 Len=0162, flush, cache flush 0.north-america.pool.ntp.org A 172.153.103.108 A 149.28.12.167 A 173.10.197.42 A 192.108"
10.42.0.49,5353.0,10.42.0.13,5353.0,MDNS,174,"Standard query response 0x0000 TXT MSS210-9f39._hap._tcp.local, ""QU"" question TXT MSS210-9f39._hap._tcp.local, ""QU"" question TXT A 10.42.0.49 AAAA fe80::4ae1:e9ff:fe6e:9f39640 response  MSS210-9f39._hap._tcp"
10.42.0.49,52432.0,10.42.0.13,50552.0,HTTP,1096,Continuationb353.0 Protocol: TCP Length: 54 Info: 52432 > 50552 [ACK] Seq=1781 Ack=497 Win=5344 Len=01147=17269 Len=0 1042.0.49 A 74.6.168.73172172.129.19
10.42.0.13,51379.0,10.42.0.28,80.0,TCP,54,51379 > 80 [ACK] Seq=514 Ack=104 Win=65535 Len=01 [TCP Keep-Alive ACK]62898 > 10.42.0.28 Destination Port: 80.0 Protocol: TCP Length: 54 Info: 51479 > 80 [ACK] Seq=515 Ack=104 Win=65535 Len=0 [TCP PDU re
10.42.0.49,52432.0,10.42.0.13,50578.0,TCP,54,52432 > 50578 [ACK] Seq=1 Ack=163 Win=5678 Len=0163TCP Retransmission]1632191902 TSecr=125538 Ack=77155 Win=5633 Len=0221691971254004b791=101=251648769
10.42.0.49,52432.0,10.42.0.13,59683.0,HTTP,135,"HTTP/1.1 200 OK (application/pairing+tlv8), cache flush 10.42.0.28 Port: 80.0 Protocol: TCP Length: 54 Info: 59683 > 80 [ACK] Seq=483 Ack=102 Win=65535 Len=01-TCP Keep-Alive ACK],Alive ACK],110-0.14085"
10.42.0.49,5353.0,10.42.0.13,5353.0,MDNS,174,"Standard query response 0x0000 TXT MSS210-9f39._hap._tcp.local, ""QU"" question TXT MSS210-9f39._hap._tcp.local, ""QU"" question TXT A 10.42.0.49 AAAA fe80::4ae1:e9ff:fe6e:9f3962 MSS210-9f39._hap._tcp.local, """
10.42.0.49,52432.0,10.42.0.13,50560.0,TCP,54,"52432 > 50560 [ACK] Seq=1781 Ack=497 Win=5344 Len=0172TCP Retransmission]17269 Len=0,1047654741432.99=1147=1539=497 Win=5"
10.42.0.49,52432.0,10.42.0.13,61885.0,TCP,54,"52432 > 61885 [ACK] Seq=1781 Ack=497 Win=5344 Len=0221TCP Retransmission], cache flush 0.north-america.pool.ntp.org A 172892 Win=5344 Len=01.amazonaws.com491 Info: Continuation1.amazonaws.com A 10.42.0.49"
10.42.0.49,5353.0,10.42.0.13,5353.0,MDNS,174,"Standard query response 0x0000 TXT MSS210-9f39._hap._tcp.local, ""QU"" question TXT MSS210-9f39._hap._tcp.local, ""QU"" question TXT A 10.42.0.49 AAAA fe80::4ae1:e9ff:fe6e:9f39640, cache flush Meross_Smart_Plug.local, ""QU"" question TX"
10.42.0.49,5353.0,10.42.0.13,5353.0,MDNS,174,"Standard query response 0x0000 TXT MSS210-9f39._hap._tcp.local, ""QU"" question TXT MSS210-9f39._hap._tcp.local, ""QU"" question TXT A 10.42.0.49 AAAA fe80::4ae1:e9ff:fe6e:9f39640, cache flush Meross_Smart_Plug.local, ""QU"" question TX"
10.42.0.49,5353.0,10.42.0.13,5353.0,MDNS,174,"Standard query response 0x0000 TXT MSS210-9f39._hap._tcp.local, ""QU"" question TXT MSS210-9f39._hap._tcp.local, ""QU"" question TXT A 10.42.0.49 AAAA fe80::4ae1:e9ff:fe6e:9f39640 response  MSS210-9f39._hap._tcp"
10.42.0.49,52432.0,10.42.0.13,59825.0,TCP,54,"52432 > 59825 [ACK] Seq=1 Ack=163 Win=5678 Len=0221TCP Keep-Alive ACK],ACK]172681 Ack=49.53.1781087816 TSecr=0 SACK_PERM1.amazonaws.com A 52.212.130.239 A 142.4.19"
10.42.0.49,52432.0,10.42.0.13,62470.0,TCP,54,"52432 > 62470 [ACK] Seq=1781 Ack=497 Win=5344 Len=01626071172660 Len=0, cache flush 10.42.0.49 Ack=1781 Win=65535 Len=0, cache flush 10.42.0.49, cache flush 1346 Win"
10.42.0.49,52432.0,10.42.0.13,50505.0,TCP,54,"52432 > 50505 [ACK] Seq=1781 Ack=497 Win=5344 Len=0172TCP Retransmission], cache flush 1299=1147=1245=51064.0 Protocol: TCP Length: 54 Info: 52432 > 50505 [FIN, ACK] Seq=1781 Ack=497 Win"
10.42.0.49,5353.0,224.0.0.251,5353.0,MDNS,305,"Standard query response 0x0000 PTR MSS210-9f39._hap._tcp.local SRV, cache flush 0 0 52432 Meross_Smart_Plug.local TXT, cache flush A, cache flush 10.42.0.49 AAAA, cache flush fe80::4ae1:e9ff:fe6e:9f39 NSEC, cache flush MSS210-9f39._hap._tcp.local NS"
10.42.0.49,5353.0,10.42.0.13,5353.0,MDNS,174,"Standard query response 0x0000 TXT MSS210-9f39._hap._tcp.local, ""QU"" question TXT MSS210-9f39._hap._tcp.local, ""QU"" question TXT A 10.42.0.49 AAAA fe80::4ae1:e9ff:fe6e:9f39640, cache flush Meross_Smart_Plug.local, ""QU"" question TX"
10.42.0.49,52432.0,10.42.0.13,50543.0,TCP,54,52432 > 50543 [ACK] Seq=1 Ack=163 Win=5678 Len=0163TCP Retransmission]1632191904 TSecr=125146 Ack=77148 Win=5079 Len=0221691971254007 Len=110149 A 52.212
10.42.0.49,52432.0,10.42.0.13,61836.0,TCP,54,"52432 > 61836 [ACK] Seq=1 Ack=163 Win=5678 Len=061=178165638 Len=0, cache flush=1726087415 TSecr=0 SACK_PERM, cache flush 156.81.71.200 Destination Port: 443.0 Protocol: TCP Length: 54 Info: 5"
10.42.0.13,50703.0,10.42.0.49,52432.0,TCP,54,"50703 > 52432 [ACK] Seq=496 Ack=1781 Win=65535 Len=02=163 221.139.244.421 Ack=163 Win=5678 Len=0201TCP Retransmission], cache flush 147.61.126.229102.108.0.139"
10.42.0.49,52432.0,10.42.0.13,50814.0,TCP,54,52432 > 50814 [ACK] Seq=1781 Ack=497 Win=5344 Len=01626087.112.130.239 Destination Port: 443.0 Protocol: TCP Length: 54 Info: 52432 > 443 [ACK] Seq=1725 Ack=1178 Win=2782 Len=0
10.42.0.49,52432.0,10.42.0.13,50414.0,TCP,54,"52432 > 50414 [ACK] Seq=1 Ack=163 Win=5678 Len=01182TCP Retransmission], cache flush 10.42.0.49 Port: 52432.0 Protocol: TCP Length: 54 Info: 50414 > 52432 [FIN, ACK] Seq=496 Ack=1781 Win=65535"
10.42.0.49,52432.0,10.42.0.13,50493.0,TCP,54,"52432 > 50493 [ACK] Seq=1 Ack=163 Win=5678 Len=0163TCP Keep-Alive ACK]1 Ack=163 Win=5678 Len=01190=TCP PDU reassembled in 19272], cache flush 10.42.0.49 AAAA, cache flush fe80::4ae1:e9ff:"
10.42.0.49,5353.0,10.42.0.13,5353.0,MDNS,174,"Standard query response 0x0000 TXT MSS210-9f39._hap._tcp.local, ""QU"" question TXT MSS210-9f39._hap._tcp.local, ""QU"" question TXT A 10.42.0.49 AAAA fe80::4ae1:e9ff:fe6e:9f39640, cache flush Meross_Smart_Plug.local, ""QU"" question TX"
10.42.0.13,50593.0,10.42.0.49,52432.0,TCP,54,"50593 > 52432 [ACK] Seq=496 Ack=1781 Win=65535 Len=0216 [TCP Retransmission]], Retransmission], cache flush 1649651892 TSecr=0 SACK_PERM1147691974 TSecr=0 SACK_PERM, cache flush"
10.42.0.13,50505.0,10.42.0.49,52432.0,TCP,54,"50505 > 52432 [ACK] Seq=496 Ack=1781 Win=65535 Len=0162TCP Retransmission], cache flush 104.161.164.11042.0.49182.0 Protocol: TCP Length: 54 Info: 52432 > 52432 [FIN, ACK] Seq=496 Ack=1"
10.42.0.49,52432.0,10.42.0.13,50851.0,TCP,54,"52432 > 50851 [ACK] Seq=1 Ack=163 Win=5678 Len=062163 Ack=498 Win=5343 Len=0 10860 > 52432 [SYN, ACK] Seq=0 Ack=1 Win=5840 Len=0 MSS=1460=64 TSval=150856298"
10.42.0.13,50779.0,10.42.0.28,80.0,TCP,54,"50779 > 80 [ACK] Seq=482 Ack=103 Win=65535 Len=01 [TCP PDU reassembled in 12454]]]]]] 103.146.193.2001931079191 TSecr=0 SACK_PERM]], cache flush 0.north-america.pool.ntp.org"
10.42.0.13,50762.0,10.42.0.49,52432.0,TCP,54,"50762 > 52432 [ACK] Seq=496 Ack=1781 Win=65535 Len=0 1726197950 TSecr=0 SACK_PERM172632107 TSecr=0 SACK_PERM 172639 Win=65535 Len=0, cache flush 10.42.0.49 Destination"
10.42.0.49,5353.0,10.42.0.13,5353.0,MDNS,174,"Standard query response 0x0000 TXT MSS210-9f39._hap._tcp.local, ""QU"" question TXT MSS210-9f39._hap._tcp.local, ""QU"" question TXT A 10.42.0.49 AAAA fe80::4ae1:e9ff:fe6e:9f39640, cache flush Meross_Smart_Plug.local, ""QU"" question TX"
10.42.0.49,52432.0,10.42.0.13,50556.0,TCP,54,52432 > 50556 [ACK] Seq=1 Ack=163 Win=5678 Len=0163TCP Retransmission]1632191902 TSecr=125438 Ack=77153 Win=65535 Len=094762828172208710171711251
10.42.0.13,50594.0,10.42.0.49,52432.0,TCP,54,"50594 > 52432 [ACK] Seq=496 Ack=1781 Win=65535 Len=0162TCP Retransmission], Retransmission], cache flush 1344=49119.1460=1931=2211649691994 TSecr=0 SACK_PERM"
10.42.0.13,59491.0,10.42.0.28,80.0,TCP,54,"59491 > 80 [ACK] Seq=483 Ack=103 Win=65535 Len=0 [TCP Dup ACK 26768#1], 10.42.0.283 Ack=483 Win=2438 Len=0TCP PDU reassembled in 28671], ACK],119419 Ack=62731 Win=2299 Len="
10.42.0.49,52432.0,10.42.0.13,50550.0,TCP,54,"52432 > 50550 [ACK] Seq=1781 Ack=497 Win=5344 Len=0172TCP Retransmission]17269 Len=0,,917141141400.01314691974 TSecr=0 SACK_PERM"
10.42.0.13,51466.0,10.42.0.28,80.0,TCP,54,"51466 > 80 [ACK] Seq=1 Ack=1 Win=65535 Len=0 [TCP Keep-Alive ACK]62766 > 80 [ACK] Seq=515 Ack=1 Win=65535 Len=01,TCP PDU reassembled in 47462],62765.0 Protocol: TCP Length: 54 Info: 51462 > 80 [ACK"
10.42.0.49,52432.0,10.42.0.13,61969.0,TCP,54,"52432 > 61969 [ACK] Seq=1 Ack=163 Win=5678 Len=01182TCP Retransmission], cache flush 10.42.0.49 Port: 52432.0 Protocol: TCP Length: 54 Info: 52432 > 52432 [FIN, ACK] Seq=496 Ack=1781 Win=65535"
10.42.0.49,52432.0,10.42.0.13,50547.0,TCP,54,52432 > 50547 [ACK] Seq=1781 Ack=497 Win=5344 Len=0221TCP Retransmission]172696 Len=011605641167.125491 Len=02141474172.53468.017722401104691
10.42.0.49,5353.0,10.42.0.13,5353.0,MDNS,174,"Standard query response 0x0000 TXT MSS210-9f39._hap._tcp.local, ""QU"" question TXT MSS210-9f39._hap._tcp.local, ""QU"" question TXT A 10.42.0.49 AAAA fe80::4ae1:e9ff:fe6e:9f39640, cache flush Meross_Smart_Plug.local, ""QU"" question TX"
10.42.0.49,52432.0,10.42.0.13,62547.0,TCP,54,"52432 > 62547 [ACK] Seq=1 Ack=163 Win=5678 Len=0116 [TCP Retransmission],Alive ACK]1728108764 TSecr=0 SACK_PERM8211941880717178148747275=1042623995 TSecr=0 S"
10.42.0.49,5353.0,10.42.0.13,5353.0,MDNS,174,"Standard query response 0x0000 TXT MSS210-9f39._hap._tcp.local, ""QU"" question TXT MSS210-9f39._hap._tcp.local, ""QU"" question TXT A 10.42.0.49 AAAA fe80::4ae1:e9ff:fe6e:9f39640, cache flush Meross_Smart_Plug.local, ""QU"" question TX"
10.42.0.49,52432.0,10.42.0.13,50508.0,TCP,54,"52432 > 50508 [ACK] Seq=1 Ack=163 Win=5678 Len=0163TCP Keep-Alive ACK],517280 Len=016364408 > 52432 [ACK] Seq=1781 Ack=496 Win=5345 Len=02-TCP Retransmission],Alive ACK]74"
10.42.0.13,50582.0,10.42.0.49,52432.0,TCP,54,50582 > 52432 [ACK] Seq=496 Ack=1781 Win=65535 Len=0216 [TCP Retransmission]]221163 Ack=29180 Win=5646 Len=016345=181=49738.49104]4768377
10.42.0.49,52432.0,10.42.0.13,61836.0,TCP,54,"52432 > 61836 [ACK] Seq=1 Ack=163 Win=5678 Len=061=178165638 Len=0,b3-TCP Keep-Alive ACK]1726303255 TSecr=0 SACK_PERM172690 Len=0119TCP Retransmission]1.amazonaws.com"
